{
  "BestDistribution": "lognorm",
  "Parameters": {
    "s": 0.009509964461157715,
    "loc": -0.1471693008245066,
    "scale": 0.14717494036949658
  },
  "AllSSE": {
    "lognorm": 106500.66116836156,
    "beta": 106677.525909416,
    "norm": 106744.02357126417,
    "burr": 721804.5610880618,
    "gamma": 923360.4824031572
  }
}